"name","line","ADA_Status","objectid","geometry","ADA_StatusLayer"
"Canal St","4-6-6 Express","Full ADA Access","2",c(-74.0001929992733, 40.7188030010771),"Full ADA Access"
"DeKalb Ave","B-D-N-Q-R","Full ADA Access","15",c(-73.9817709444095, 40.6906481199698),"Full ADA Access"
"Junction Blvd","7-7 Express","Full ADA Access","24",c(-73.8695270010352, 40.7491449994884),"Full ADA Access"
"Flushing - Main St","7-7 Express","Full ADA Access","25",c(-73.8300300026251, 40.7595999991501),"Full ADA Access"
"Brooklyn Bridge - City Hall","4-5-6-6 Express","Full ADA Access","29",c(-74.0041310005885, 40.7130649994331),"Full ADA Access"
"Grand Central - 42nd St","4-5-6-6 Express","Full ADA Access","31",c(-73.9767132992584, 40.7518074298163),"Full ADA Access"
"Pelham Pkwy","2-5","Full ADA Access","39",c(-73.8674806785004, 40.8571924091606),"Full ADA Access"
"Gun Hill Rd","2-5","Full ADA Access","40",c(-73.866134105387, 40.877839385172),"Full ADA Access"
"Simpson St","2-5","Full ADA Access","43",c(-73.893066395079, 40.8239768412374),"Full ADA Access"
"161st St - Yankee Stadium","4","Full ADA Access","48",c(-73.9256919950573, 40.8282303274217),"Full ADA Access"
"Woodside - 61st St","7-7 Express","Full ADA Access","54",c(-73.9029840017301, 40.7456300011384),"Full ADA Access"
"Far Rockaway - Mott Ave","A","Full ADA Access","55",c(-73.7554049992473, 40.6039950016875),"Full ADA Access"
"168th St","A-C","Full ADA Access","58",c(-73.9395609998543, 40.8407189999079),"Full ADA Access"
"Kingsbridge Rd","B-D","Full ADA Access","59",c(-73.8935090000331, 40.8669779999994),"Full ADA Access"
"Prospect Park","B-Q-S","Full ADA Access","61",c(-73.9620313042661, 40.6616334551018),"Full ADA Access"
"Jamaica - Van Wyck","E","Full ADA Access","63",c(-73.8170128713541, 40.7028985528731),"Full ADA Access"
"Kew Gardens - Union Tpke","E-F","Full ADA Access","64",c(-73.8303702709878, 40.714034819571),"Full ADA Access"
"Sutphin Blvd - Archer Av","E-J-Z","Full ADA Access","65",c(-73.8080047196383, 40.700382424235),"Full ADA Access"
"Times Sq - 42nd St","N-Q-R-W","Full ADA Access","80",c(-73.9867680015398, 40.7546119985154),"Full ADA Access"
"Grand Central - 42nd St","S","Full ADA Access","81",c(-73.979188999891, 40.7527686667422),"Full ADA Access"
"Park Pl","S","Full ADA Access","82",c(-73.9576240007463, 40.6747716668526),"Full ADA Access"
"W 4th St - Washington Sq (Lower)","B-D-F-M","Full ADA Access","84",c(-74.0003081475597, 40.7322544933679),"Full ADA Access"
"51st St","4-6-6 Express","Full ADA Access","85",c(-73.9719200006998, 40.7571069998932),"Full ADA Access"
"233rd St","2-5","Full ADA Access","87",c(-73.8573623952154, 40.8931432413838),"Full ADA Access"
"66th St - Lincoln Ctr","1-2","Full ADA Access","88",c(-73.9822089999578, 40.7734400005204),"Full ADA Access"
"Hunts Point Ave","6-6 Express","Full ADA Access","89",c(-73.8905490001734, 40.8209479985231),"Full ADA Access"
"23rd St","4-6-6 Express","Full ADA Access","92",c(-73.9865990020789, 40.7398640004746),"Full ADA Access"
"Court Sq","7-7 Express","Full ADA Access","93",c(-73.9452640003968, 40.7470229988964),"Full ADA Access"
"59th St - Columbus Circle","1-2","Full ADA Access","94",c(-73.9819290023271, 40.7682470006369),"Full ADA Access"
"Church Ave","F-G","Full ADA Access","110",c(-73.9797211622908, 40.64427200013),"Full ADA Access"
"Atlantic Av - Barclay's Center","2-3-4-5","Full ADA Access","116",c(-73.9775499353939, 40.6844201652676),"Full ADA Access"
"Atlantic Av - Barclay's Center","B-Q","Full ADA Access","121",c(-73.9767834396317, 40.6844883234537),"Full ADA Access"
"Atlantic Av - Barclay's Center","D-N-Q-R","Full ADA Access","122",c(-73.9788099995677, 40.6836656672794),"Full ADA Access"
"Aqueduct Racetrack","A","Full ADA Access","124",c(-73.8359189996516, 40.6720969991728),"Full ADA Access"
"Church Ave","2-5","Full ADA Access","131",c(-73.9494551403533, 40.6508606878022),"Full ADA Access"
"Brooklyn College - Flatbush Ave","2-5","Full ADA Access","133",c(-73.9475412073441, 40.6328424070074),"Full ADA Access"
"Crown Hts - Utica Ave","3-4","Full ADA Access","135",c(-73.9329325608185, 40.6689783110781),"Full ADA Access"
"Marcy Ave","J-M-Z","Full ADA Access","139",c(-73.9578320007573, 40.7083830000179),"Full ADA Access"
"Lexington Ave - 53rd St","E-M","Full ADA Access","143",c(-73.969072374902, 40.7574683078286),"Full ADA Access"
"Herald Sq - 34th St","N-Q-R-W","Full ADA Access","145",c(-73.9879368338264, 40.7496445600944),"Full ADA Access"
"96th St","1-2-3","Full ADA Access","158",c(-73.972322999157, 40.7939190012147),"Full ADA Access"
"72nd St","1-2-3","Full ADA Access","162",c(-73.9819700015958, 40.7784530006861),"Full ADA Access"
"135th St","2-3","Full ADA Access","169",c(-73.9407700010671, 40.8142290003391),"Full ADA Access"
"175th St","A","Full ADA Access","180",c(-73.939703997616, 40.847391000724),"Full ADA Access"
"Rockaway Park - Beach 116 St","A-S","Full ADA Access","184",c(-73.8355900870124, 40.5809558655735),"Full ADA Access"
"Ozone Park - Lefferts Blvd","A-S","Full ADA Access","196",c(-73.8257979990661, 40.6859509987836),"Full ADA Access"
"Times Sq - 42nd St","7-7 Express","Full ADA Access","197",c(-73.9876909982515, 40.7554770019825),"Full ADA Access"
"Pelham Bay Park","6-6 Express","Full ADA Access","201",c(-73.8281210005929, 40.8524619995166),"Full ADA Access"
"Grand Central - 42nd St","7-7 Express","Full ADA Access","204",c(-73.9760410011151, 40.7514310002869),"Full ADA Access"
"W 4th St - Washington Sq (Upper)","A-C-E","Full ADA Access","206",c(-74.0004950022543, 40.7323379977433),"Full ADA Access"
"Myrtle - Wyckoff Aves","L","Full ADA Access","212",c(-73.9109757182647, 40.6994710624271),"Full ADA Access"
"74th St - Broadway","7","Full ADA Access","231",c(-73.8912051289911, 40.7468675738291),"Full ADA Access"
"Myrtle - Wyckoff Aves","M","Full ADA Access","233",c(-73.912178999396, 40.6994540009084),"Full ADA Access"
"Howard Beach - JFK Airport","A","Full ADA Access","242",c(-73.8303010007103, 40.6604760000496),"Full ADA Access"
"Forest Hills - 71st Av","E-F-M-R","Full ADA Access","245",c(-73.8445167201267, 40.7215943095359),"Full ADA Access"
"Jamaica Ctr - Parsons / Archer","E-J-Z","Full ADA Access","247",c(-73.8010963229892, 40.7020673762119),"Full ADA Access"
"231st St","1","Full ADA Access","267",c(-73.9048340010787, 40.8788559981793),"Full ADA Access"
"Inwood - 207th St","A","Full ADA Access","270",c(-73.9198990010047, 40.8680719999974),"Full ADA Access"
"Jamaica - 179th St","F","Full ADA Access","279",c(-73.7838170017645, 40.712645666744),"Full ADA Access"
"E 180th St","2-5","Full ADA Access","285",c(-73.8733460951088, 40.8418630412186),"Full ADA Access"
"Franklin Ave - Fulton St","S","Full ADA Access","288",c(-73.9558270011043, 40.6805956659826),"Full ADA Access"
"3rd Ave - 149th St","2-5","Full ADA Access","290",c(-73.9177915276098, 40.81602925251),"Full ADA Access"
"161st St - Yankee Stadium","B-D","Full ADA Access","297",c(-73.9256509977548, 40.8279049988458),"Full ADA Access"
"Utica Ave","A-C","Full ADA Access","298",c(-73.9307289991403, 40.6793639995055),"Full ADA Access"
"Queens Plz","E-M-R","Full ADA Access","307",c(-73.9371382396569, 40.7489177198632),"Full ADA Access"
"Bay Pky","D","Full ADA Access","314",c(-73.9936762000529, 40.6019504615723),"Full ADA Access"
"Kings Hwy","B-Q","Full ADA Access","330",c(-73.9576087353808, 40.608638645396),"Full ADA Access"
"21st St - Queensbridge","F","Full ADA Access","346",c(-73.9419376145745, 40.7537392708755),"Full ADA Access"
"47th-50th Sts - Rockefeller Ctr","B-D-F-M","Full ADA Access","349",c(-73.981331002277, 40.7586410015981),"Full ADA Access"
"Lexington Ave - 63rd St","F-Q","Full ADA Access","351",c(-73.9660896441325, 40.7646180944237),"Full ADA Access"
"Roosevelt Island - Main St","F","Full ADA Access","352",c(-73.9532349997887, 40.7591719996711),"Full ADA Access"
"59th St - Columbus Circle","A-B-C-D","Full ADA Access","353",c(-73.981648723014, 40.7682495317761),"Full ADA Access"
"34th St - Penn Station","1-2-3","Full ADA Access","358",c(-73.9910569991398, 40.7503730000395),"Full ADA Access"
"Times Sq - 42nd St","1-2-3","Full ADA Access","359",c(-73.9874950005188, 40.7552899999568),"Full ADA Access"
"Fulton St","A-C","Full ADA Access","360",c(-74.0076230932399, 40.7101621653019),"Full ADA Access"
"42nd St - Port Authority Bus Term","A-C-E","Full ADA Access","362",c(-73.9897350008586, 40.7573079985515),"Full ADA Access"
"Herald Sq - 34th St","B-D-F-M","Full ADA Access","366",c(-73.9877718907292, 40.7497893999001),"Full ADA Access"
"Jay St - MetroTech","A-C-F","Full ADA Access","368",c(-73.9872181526732, 40.6924706368471),"Full ADA Access"
"Flushing Ave","J-M","Full ADA Access","372",c(-73.9413773483837, 40.7004044029811),"Full ADA Access"
"Jay St - MetroTech","N-R","Full ADA Access","377",c(-73.9860566785461, 40.6922553964532),"Full ADA Access"
"Union Sq - 14th St","N-Q-R-W","Full ADA Access","379",c(-73.9905388618164, 40.7358722669981),"Full ADA Access"
"Union Sq - 14th St","L","Full ADA Access","384",c(-73.9906697690182, 40.7347633121792),"Full ADA Access"
"125th St","A-B-C-D","Full ADA Access","399",c(-73.9522479973477, 40.8110716729946),"Full ADA Access"
"Fulton St","2-3","Full ADA Access","402",c(-74.006570999702, 40.7094159992587),"Full ADA Access"
"Chambers St","1-2-3","Full ADA Access","404",c(-74.0092660017011, 40.7154780001133),"Full ADA Access"
"Borough Hall","2-3","Full ADA Access","406",c(-73.9899979996069, 40.6932189996111),"Full ADA Access"
"Fordham Rd","4","Full ADA Access","408",c(-73.901033999217, 40.8628029998894),"Full ADA Access"
"World Trade Center","E","Full ADA Access","409",c(-74.009744615177, 40.7125639268082),"Full ADA Access"
"Fulton St","J-Z","Full ADA Access","413",c(-74.0079380011039, 40.7100226665842),"Full ADA Access"
"South Ferry","1","Full ADA Access","418",c(-74.0131689591926, 40.7017305075745),"Full ADA Access"
"Bowling Green","4-5","Full ADA Access","419",c(-74.0140079980343, 40.7049139992808),"Full ADA Access"
"Middle Village - Metropolitan Ave","M","Full ADA Access","424",c(-73.8895772297809, 40.7114313050582),"Full ADA Access"
"Cortlandt St","1","Full ADA Access","426",c(-74.0121880011229, 40.7118350008202),"Full ADA Access"
"Fulton St","4-5","Full ADA Access","427",c(-74.0095089985646, 40.7103679988221),"Full ADA Access"
"Cortlandt St","R-W","Full ADA Access","429",c(-74.0111319647327, 40.7105129841524),"Full ADA Access"
"Broadway - Lafayette St","B-D-F-M","Full ADA Access","433",c(-73.9962039987605, 40.725296998738),"Full ADA Access"
"34th St - Penn Station","A-C-E","Full ADA Access","437",c(-73.9933909997058, 40.7522870007759),"Full ADA Access"
"Jackson Hts - Roosevelt Av","E-F-M-R","Full ADA Access","438",c(-73.891298665197, 40.7465396911589),"Full ADA Access"
"8th Ave","L","Full ADA Access","443",c(-74.0025780010476, 40.739776666382),"Full ADA Access"
"14th St","A-C-E","Full ADA Access","444",c(-74.0016899993703, 40.7408930001933),"Full ADA Access"
"Franklin Ave","A-C","Full ADA Access","447",c(-73.9568480001461, 40.6813796665874),"Full ADA Access"
"Bleecker St","4-6-6 Express","Full ADA Access","457",c(-73.9946590000633, 40.7259146668266),"Full ADA Access"
"Euclid Ave","A-C-S","Full ADA Access","459",c(-73.8721060009968, 40.6753769982394),"Full ADA Access"
"125th St","4-5-6-6 Express","Full ADA Access","468",c(-73.9375940005573, 40.8041380005872),"Full ADA Access"
"Coney Island - Stillwell Av","D-F-N-Q","Full ADA Access","469",c(-73.9812359981396, 40.5772810000675),"Full ADA Access"
"34th St - Hudson Yards","7-7 Express","Full ADA Access","470",c(-74.002197094422, 40.755446359616),"Full ADA Access"
"72nd St","Q","Full ADA Access","641",c(-73.9583617868225, 40.768802510149),"Full ADA Access"
"86th St","Q","Full ADA Access","642",c(-73.9517709096492, 40.7778610433316),"Full ADA Access"
"96th St","Q","Full ADA Access","643",c(-73.9470660219183, 40.7842366501776),"Full ADA Access"
"Wilson Ave","L","Partial ADA Access northbound only","74",c(-73.9039586049186, 40.6888665424602),"Partial ADA Access"
"Borough Hall","4-5","Partial ADA Access northbound only","123",c(-73.9901510009054, 40.692403999991),"Partial ADA Access"
"28th St","4-6-6 Express","Partial ADA Access soutbound only","200",c(-73.9842640011041, 40.743069999259),"Partial ADA Access"
"Dyckman St","1","Partial ADA Access Southbound Only","286",c(-73.9255360000647, 40.860531001388),"Partial ADA Access"
"Ave H","Q","Partial ADA Acccess southbound only","344",c(-73.961517939425, 40.6292083775897),"Partial ADA Access"
"50th St","A-C-E","Partial ADA Acccess southbound only","347",c(-73.9859840002641, 40.76245599926),"Partial ADA Access"
"49th St","N-Q-R-W","Partial ADA Access northbound only","354",c(-73.984209565911, 40.7598019738707),"Partial ADA Access"
"149th St - Grand Concourse","4","ADA Access Under Construction","47",c(-73.9273847542618, 40.8183034437232),"In Construction"
"8th Ave","N","ADA Access Under Construction","77",c(-74.0115159977216, 40.6349709996472),"In Construction"
"68th St - Hunter College","4-6-6 Express","ADA Access Under Construction","102",c(-73.9638700015804, 40.7681410004968),"In Construction"
"Eastern Pkwy - Bklyn Museum","2-3-4","ADA Access Under Construction","129",c(-73.9642220374842, 40.6720322354592),"In Construction"
"Greenpoint Ave","G","ADA Access Under Construction","138",c(-73.9544250014623, 40.7312669997146),"In Construction"
"1st Ave","L","ADA Access Under Construction","146",c(-73.9816808748913, 40.7309749758007),"In Construction"
"Times Sq - 42nd St","S","ADA Access Under Construction","147",c(-73.986228999532, 40.7559830005701),"In Construction"
"Bedford Ave","L","ADA Access Under Construction","151",c(-73.9566649980652, 40.717173998589),"In Construction"
"Long Island City - Court Sq","G","ADA Access Under Construction","153",c(-73.9438155959784, 40.7463050335714),"In Construction"
"Westchester Sq - E Tremont Ave","6-6 Express","ADA Access Under Construction","202",c(-73.8429519992501, 40.8398920010139),"In Construction"
"Woodhaven Blvd","J-Z","ADA Access Under Construction","208",c(-73.8520519974079, 40.693703998801),"In Construction"
"Canarsie - Rockaway Pkwy","L","ADA Access Under Construction","219",c(-73.9018500001729, 40.6466536673953),"In Construction"
"Astoria Blvd","N-W","ADA Access Under Construction","251",c(-73.9180950010924, 40.7700369994909),"In Construction"
"Bedford Park Blvd","B-D","ADA Access Under Construction","265",c(-73.8871379988957, 40.8732439986165),"In Construction"
"Gun Hill Rd","5","ADA Access Under Construction","284",c(-73.8463840015176, 40.8695259996268),"In Construction"
"149th St - Grand Concourse","2-5","ADA Access Under Construction","289",c(-73.9267224743861, 40.8183301440974),"In Construction"
"Bay Ridge - 95th St","R","ADA Access Under Construction","317",c(-74.0308760008576, 40.6166216672595),"In Construction"
"86th St","R","ADA Access Under Construction","318",c(-74.0283979999864, 40.6226866671502),"In Construction"
"62nd St","D","ADA Access Under Construction","323",c(-73.9968572499486, 40.6262244629222),"In Construction"
"New Utrecht Ave","N","ADA Access Under Construction","324",c(-73.9963530002597, 40.6248416672589),"In Construction"
"57th St","N-Q-R-W","ADA Access Under Construction","355",c(-73.9807297337213, 40.7645655250183),"In Construction"
"59th St","N-R","ADA Access Under Construction","387",c(-74.0178809995399, 40.6413616662838),"In Construction"
"Chambers St","J-Z","ADA Access Under Construction","414",c(-74.0034067303134, 40.7132337896267),"In Construction"
"Broad St","J-Z","ADA Access Under Construction","428",c(-74.0110559999175, 40.706476001106),"In Construction"
"Pennsylvania Ave","3-4","No Access - Under Consideration","5",c(-73.8948859115406, 40.6647144514357),"No ADA: Under Consideration"
"65th St","E-M-R","No Access - Under Consideration","9",c(-73.8987883783301, 40.7497195293568),"No ADA: Under Consideration"
"36th St","E-M-R","No Access - Under Consideration","10",c(-73.9290181846154, 40.7519600440108),"No ADA: Under Consideration"
"Delancey St - Essex St","J-M-Z","No Access - Under Consideration","11",c(-73.9874094020297, 40.7183060561862),"No ADA: Under Consideration"
"Norwood Ave","J-Z","No Access - Under Consideration","13",c(-73.8796259991078, 40.6815200004568),"No ADA: Under Consideration"
"182nd-183rd Sts","B-D","No Access - Under Consideration","20",c(-73.9007409999897, 40.8560929988186),"No ADA: Under Consideration"
"174th-175th Sts","B-D","No Access - Under Consideration","21",c(-73.9101360005008, 40.8458999998341),"No ADA: Under Consideration"
"96th St","4-6-6 Express","No Access - Under Consideration","33",c(-73.9510700015425, 40.7856719999861),"No ADA: Under Consideration"
"Chauncey St","J-Z","No Access - Under Consideration","35",c(-73.9103835703338, 40.682851300878),"No ADA: Under Consideration"
"Elmhurst Ave","E-M-R","No Access - Under Consideration","37",c(-73.8820347465864, 40.7423700797217),"No ADA: Under Consideration"
"Van Siclen Ave","3-4","No Access - Under Consideration","46",c(-73.8894049173011, 40.6655179630596),"No ADA: Under Consideration"
"E 149th St","6","No Access - Under Consideration","50",c(-73.9040979987595, 40.812117998272),"No ADA: Under Consideration"
"Morrison Av - Soundview","6","No Access - Under Consideration","51",c(-73.8745159992949, 40.8295210015675),"No ADA: Under Consideration"
"St Lawrence Ave","6","No Access - Under Consideration","53",c(-73.8676179992367, 40.8315090005233),"No ADA: Under Consideration"
"96th St","A-B-C","No Access - Under Consideration","57",c(-73.9646024568717, 40.7916187976701),"No ADA: Under Consideration"
"67th Ave","E-M-R","No Access - Under Consideration","67",c(-73.8528604843491, 40.726505475813),"No ADA: Under Consideration"
"Grand Ave - Newtown","E-M-R","No Access - Under Consideration","68",c(-73.8772208566918, 40.7368134181971),"No ADA: Under Consideration"
"Classon Ave","G","No Access - Under Consideration","70",c(-73.9599900013721, 40.6888890002646),"No ADA: Under Consideration"
"Lorimer St","L","No Access - Under Consideration","72",c(-73.9502479999697, 40.7140720006472),"No ADA: Under Consideration"
"Halsey St","J","No Access - Under Consideration","75",c(-73.9166388842194, 40.6864152707043),"No ADA: Under Consideration"
"104th St","A-S","No Access - Under Consideration","98",c(-73.83768300061, 40.6817110010912),"No ADA: Under Consideration"
"Ocean Pkwy","Q","No Access - Under Consideration","100",c(-73.9685009997518, 40.5763116670809),"No ADA: Under Consideration"
"Queensboro Plz","7-7 Express-N-W","No Access - Under Consideration","103",c(-73.9401635351909, 40.7506356510148),"No ADA: Under Consideration"
"Rockaway Blvd","A-S","No Access - Under Consideration","104",c(-73.8438529979573, 40.6804289995884),"No ADA: Under Consideration"
"Bedford - Nostrand Aves","G","No Access - Under Consideration","106",c(-73.9535220006402, 40.6896270015844),"No ADA: Under Consideration"
"7th Ave","F-G","No Access - Under Consideration","108",c(-73.9802511790094, 40.6662446900199),"No ADA: Under Consideration"
"Church Ave","B-Q","No Access - Under Consideration","112",c(-73.9628824619211, 40.6504932464648),"No ADA: Under Consideration"
"Metropolitan Ave","G","No Access - Under Consideration","148",c(-73.9514239994525, 40.7127740007343),"No ADA: Under Consideration"
"Grand St","L","No Access - Under Consideration","149",c(-73.9404969987464, 40.7115760006482),"No ADA: Under Consideration"
"Montrose Ave","L","No Access - Under Consideration","152",c(-73.939792847135, 40.7073910643846),"No ADA: Under Consideration"
"145th St","1","No Access - Under Consideration","156",c(-73.9503599987971, 40.8265509996219),"No ADA: Under Consideration"
"157th St","1","No Access - Under Consideration","157",c(-73.9448899990105, 40.8340410001399),"No ADA: Under Consideration"
"103rd St","A-B-C","No Access - Under Consideration","161",c(-73.9613700826762, 40.7960607399045),"No ADA: Under Consideration"
"86th St","A-B-C","No Access - Under Consideration","165",c(-73.9688284942967, 40.7858230467856),"No ADA: Under Consideration"
"Cathedral Pkwy (110th St)","1","No Access - Under Consideration","166",c(-73.9668470005456, 40.8039669996148),"No ADA: Under Consideration"
"116th St - Columbia University","1","No Access - Under Consideration","167",c(-73.9641099975775, 40.8077220012309),"No ADA: Under Consideration"
"Tremont Ave","B-D","No Access - Under Consideration","171",c(-73.9052270012235, 40.8504099995102),"No ADA: Under Consideration"
"137th St - City College","1","No Access - Under Consideration","172",c(-73.9536760008787, 40.8220079996847),"No ADA: Under Consideration"
"170th St","B-D","No Access - Under Consideration","176",c(-73.9133999984698, 40.8393059996416),"No ADA: Under Consideration"
"181st St","1","No Access - Under Consideration","178",c(-73.9335959996056, 40.8495049997407),"No ADA: Under Consideration"
"63rd Dr - Rego Park","E-M-R","No Access - Under Consideration","191",c(-73.861618200972, 40.7297639724224),"No ADA: Under Consideration"
"Beach 67th St","A","No Access - Under Consideration","205",c(-73.7969239998421, 40.5909270007813),"No ADA: Under Consideration"
"New Lots Ave","3-4","No Access - Under Consideration","213",c(-73.8841107080033, 40.6663149325969),"No ADA: Under Consideration"
"Livonia Ave","L","No Access - Under Consideration","216",c(-73.9005623722606, 40.6640572709464),"No ADA: Under Consideration"
"Junius St","3-4","No Access - Under Consideration","217",c(-73.9024486418356, 40.6635890018172),"No ADA: Under Consideration"
"Broadway Junction","J-Z","No Access - Under Consideration","224",c(-73.9042899974641, 40.6793660014737),"No ADA: Under Consideration"
"Crescent St","J-Z","No Access - Under Consideration","227",c(-73.8739292521578, 40.6831526570774),"No ADA: Under Consideration"
"Woodhaven Blvd - Queens Mall","E-M-R","No Access - Under Consideration","232",c(-73.8694320861235, 40.7330973738097),"No ADA: Under Consideration"
"46th St","E-M-R","No Access - Under Consideration","237",c(-73.9135217499554, 40.7563169526081),"No ADA: Under Consideration"
"Northern Blvd","E-M-R","No Access - Under Consideration","238",c(-73.9060650805236, 40.7528248292361),"No ADA: Under Consideration"
"Cypress Ave","6","No Access - Under Consideration","255",c(-73.9140419999475, 40.8053680007636),"No ADA: Under Consideration"
"E 143rd St - St Mary's St","6","No Access - Under Consideration","258",c(-73.9076569993649, 40.8087190009014),"No ADA: Under Consideration"
"Bedford Park Blvd - Lehman College","4","No Access - Under Consideration","260",c(-73.8900640006948, 40.8734119998012),"No ADA: Under Consideration"
"170th St","4","No Access - Under Consideration","264",c(-73.9177909974593, 40.84007499993),"No ADA: Under Consideration"
"Mosholu Pkwy","4","No Access - Under Consideration","274",c(-73.8846549998873, 40.8797499994723),"No ADA: Under Consideration"
"Broadway Junction","L","No Access - Under Consideration","283",c(-73.9031175792068, 40.6784562484287),"No ADA: Under Consideration"
"125th St","1","No Access - Under Consideration","287",c(-73.9583720009704, 40.8155809999789),"No ADA: Under Consideration"
"Brook Ave","6","No Access - Under Consideration","292",c(-73.9192399990943, 40.807565999877),"No ADA: Under Consideration"
"Steinway St","E-M-R","No Access - Under Consideration","299",c(-73.9205264716827, 40.7569873591257),"No ADA: Under Consideration"
"Kosciuszko St","J","No Access - Under Consideration","300",c(-73.9285089992741, 40.693172001292),"No ADA: Under Consideration"
"Gates Ave","J-Z","No Access - Under Consideration","301",c(-73.9221560015075, 40.6895839990139),"No ADA: Under Consideration"
"Jefferson St","L","No Access - Under Consideration","305",c(-73.9229130000312, 40.7066066659887),"No ADA: Under Consideration"
"Morgan Ave","L","No Access - Under Consideration","306",c(-73.9331470002421, 40.7061516668073),"No ADA: Under Consideration"
"18th Ave","F","No Access - Under Consideration","308",c(-73.976970999658, 40.6297546663858),"No ADA: Under Consideration"
"77th St","R","No Access - Under Consideration","309",c(-74.0255099996266, 40.6297416668869),"No ADA: Under Consideration"
"20th Ave","N","No Access - Under Consideration","315",c(-73.9845219984611, 40.617108999866),"No ADA: Under Consideration"
"Ave U","F","No Access - Under Consideration","325",c(-73.9733764197488, 40.5959248255175),"No ADA: Under Consideration"
"Kings Hwy","F","No Access - Under Consideration","326",c(-73.9723553085244, 40.6032584051283),"No ADA: Under Consideration"
"Brighton Beach","B-Q","No Access - Under Consideration","327",c(-73.961353785988, 40.5777101966424),"No ADA: Under Consideration"
"Sheepshead Bay","B-Q","No Access - Under Consideration","328",c(-73.9540579125791, 40.5865475470754),"No ADA: Under Consideration"
"Ave U","N","No Access - Under Consideration","331",c(-73.9790840009943, 40.5972359999204),"No ADA: Under Consideration"
"Neptune Ave","F","No Access - Under Consideration","333",c(-73.9745927281881, 40.5807387584915),"No ADA: Under Consideration"
"Ave X","F","No Access - Under Consideration","334",c(-73.9742659996891, 40.5894496666253),"No ADA: Under Consideration"
"Gravesend - 86th St","N","No Access - Under Consideration","336",c(-73.9781889993627, 40.5924650008886),"No ADA: Under Consideration"
"Ave N","F","No Access - Under Consideration","338",c(-73.9740485087314, 40.6143567119088),"No ADA: Under Consideration"
"Bay Pky","F","No Access - Under Consideration","339",c(-73.9752569782215, 40.6207316231679),"No ADA: Under Consideration"
"Bay Pky","N","No Access - Under Consideration","341",c(-73.9817800106929, 40.61145578989),"No ADA: Under Consideration"
"Ave I","F","No Access - Under Consideration","342",c(-73.9760693317092, 40.6250174401914),"No ADA: Under Consideration"
"Neck Rd","Q","No Access - Under Consideration","345",c(-73.9550782749376, 40.595321691117),"No ADA: Under Consideration"
"Delancey St - Essex St","F","No Access - Under Consideration","370",c(-73.9880780680772, 40.7186807421945),"No ADA: Under Consideration"
"Myrtle Ave","J-M-Z","No Access - Under Consideration","373",c(-73.9356230012996, 40.6971950005145),"No ADA: Under Consideration"
"4th Av - 9th St","F-G","No Access - Under Consideration","374",c(-73.989778999389, 40.6702716672849),"No ADA: Under Consideration"
"Smith - 9th Sts","F-G","No Access - Under Consideration","375",c(-73.9958917279093, 40.6736410609041),"No ADA: Under Consideration"
"4th Av - 9th St","D-N-R","No Access - Under Consideration","382",c(-73.9883019997451, 40.6708466668428),"No ADA: Under Consideration"
"Broadway Junction","A-C","No Access - Under Consideration","386",c(-73.9053160005534, 40.6783336660802),"No ADA: Under Consideration"
"36th St","D-N-R","No Access - Under Consideration","389",c(-74.0035489995181, 40.6551436663389),"No ADA: Under Consideration"
"14th St","1-2-3","No Access - Under Consideration","439",c(-74.000201000635, 40.7378259997281),"No ADA: Under Consideration"
"14th St","F-M","No Access - Under Consideration","441",c(-73.9962089992136, 40.7382279996951),"No ADA: Under Consideration"
"6th Ave","L","No Access - Under Consideration","442",c(-73.9977507887478, 40.7377414698105),"No ADA: Under Consideration"
"110th St","4-6-6 Express","No Access - Under Consideration","450",c(-73.9442499968716, 40.7950200001131),"No ADA: Under Consideration"
"86th St","4-5-6-6 Express","No Access - Under Consideration","451",c(-73.9555889998513, 40.7794919982095),"No ADA: Under Consideration"
"Woodlawn","4","No Access - Under Consideration","456",c(-73.8787509999093, 40.8860370002533),"No ADA: Under Consideration"
"103rd St","4-6-6 Express","No Access - Under Consideration","458",c(-73.9474780015222, 40.7906000000845),"No ADA: Under Consideration"
"88th St","A-S","No Access - Under Consideration","460",c(-73.8514700002609, 40.679843001355),"No ADA: Under Consideration"
"Parkchester","6-6 Express","No Access - Under Consideration","463",c(-73.860816001084, 40.8332259992786),"No ADA: Under Consideration"
"80th St","A-S","No Access - Under Consideration","465",c(-73.8589920020633, 40.6793710011543),"No ADA: Under Consideration"
"Astor Pl","4-6-6 Express","No Access - No Plans for Funding","1",c(-73.9910699986197, 40.7300540002898),"No ADA: No Funding Plans"
"50th St","1-2","No Access - No Plans for Funding","3",c(-73.9838489998663, 40.7617279996142),"No ADA: No Funding Plans"
"Bergen St","2-3-4","No Access - No Plans for Funding","4",c(-73.9749991511681, 40.6808621368296),"No ADA: No Funding Plans"
"238th St","1","No Access - No Plans for Funding","6",c(-73.9008700001852, 40.8846670006497),"No ADA: No Funding Plans"
"Cathedral Pkwy (110th St)","A-B-C","No Access - No Plans for Funding","7",c(-73.9580667066136, 40.800581558115),"No ADA: No Funding Plans"
"Kingston - Throop Aves","A-C","No Access - No Plans for Funding","8",c(-73.9408589987126, 40.679918999416),"No ADA: No Funding Plans"
"Van Siclen Ave","J-Z","No Access - No Plans for Funding","12",c(-73.8916577270245, 40.6780282144778),"No ADA: No Funding Plans"
"104th-102nd Sts","J-Z","No Access - No Plans for Funding","14",c(-73.8444350002968, 40.6951659982337),"No ADA: No Funding Plans"
"Beach 105th St","A-S","No Access - No Plans for Funding","16",c(-73.8275807503453, 40.5832684381029),"No ADA: No Funding Plans"
"Beach 90th St","A-S","No Access - No Plans for Funding","17",c(-73.8136514041963, 40.5880915645732),"No ADA: No Funding Plans"
"Freeman St","2-5","No Access - No Plans for Funding","18",c(-73.8917522534946, 40.8299874463841),"No ADA: No Funding Plans"
"Intervale Ave","2-5","No Access - No Plans for Funding","19",c(-73.8966173846165, 40.8221421311708),"No ADA: No Funding Plans"
"167th St","B-D","No Access - No Plans for Funding","22",c(-73.9184320008225, 40.833768998628),"No ADA: No Funding Plans"
"Mets - Willets Point","7-7 Express","No Access - No Plans for Funding","23",c(-73.8456249984179, 40.7546219988126),"No ADA: No Funding Plans"
"Buhre Ave","6-6 Express","No Access - No Plans for Funding","26",c(-73.8325690000374, 40.8468099988855),"No ADA: No Funding Plans"
"3rd Ave - 138th St","6-6 Express","No Access - No Plans for Funding","27",c(-73.9261380001413, 40.8104760011726),"No ADA: No Funding Plans"
"Castle Hill Ave","6-6 Express","No Access - No Plans for Funding","28",c(-73.8512219996147, 40.8342549982546),"No ADA: No Funding Plans"
"Zerega Ave","6-6 Express","No Access - No Plans for Funding","30",c(-73.8470359987544, 40.8364880006082),"No ADA: No Funding Plans"
"33rd St","4-6-6 Express","No Access - No Plans for Funding","32",c(-73.9820760014895, 40.7460809990914),"No ADA: No Funding Plans"
"77th St","4-6-6 Express","No Access - No Plans for Funding","34",c(-73.9598739988605, 40.7736200007461),"No ADA: No Funding Plans"
"Union St","D-N-R","No Access - No Plans for Funding","36",c(-73.9831099990967, 40.677315667351),"No ADA: No Funding Plans"
"Ralph Ave","A-C","No Access - No Plans for Funding","38",c(-73.9207859993331, 40.6788220008734),"No ADA: No Funding Plans"
"Nereid Ave (238 St)","2-5","No Access - No Plans for Funding","41",c(-73.8543153107622, 40.8982865155753),"No ADA: No Funding Plans"
"Franklin Ave","2-3-4-5","No Access - No Plans for Funding","42",c(-73.9580997367769, 40.6707651534489),"No ADA: No Funding Plans"
"Bronx Park East","2-5","No Access - No Plans for Funding","44",c(-73.868356091781, 40.8487686663389),"No ADA: No Funding Plans"
"Winthrop St","2-5","No Access - No Plans for Funding","45",c(-73.9500793459099, 40.6566593137608),"No ADA: No Funding Plans"
"Lexington Ave - 59th St","4-5-6-6 Express","No Access - No Plans for Funding","49",c(-73.9679670004732, 40.7625260003046),"No ADA: No Funding Plans"
"Whitlock Ave","6","No Access - No Plans for Funding","52",c(-73.8862829985325, 40.826525000559),"No ADA: No Funding Plans"
"72nd St","A-B-C","No Access - No Plans for Funding","56",c(-73.976336575218, 40.7755193972926),"No ADA: No Funding Plans"
"42nd St - Bryant Pk","B-D-F-M","No Access - No Plans for Funding","60",c(-73.9845909990471, 40.7541840013125),"No ADA: No Funding Plans"
"55th St","D","No Access - No Plans for Funding","62",c(-73.9953488259574, 40.6314787609374),"No ADA: No Funding Plans"
"Court Sq - 23rd St","E-M","No Access - No Plans for Funding","66",c(-73.9460547026633, 40.7477681214143),"No ADA: No Funding Plans"
"Ditmas Ave","F","No Access - No Plans for Funding","69",c(-73.9781719996516, 40.6361186666629),"No ADA: No Funding Plans"
"Broadway","G","No Access - No Plans for Funding","71",c(-73.9503122560662, 40.7061265762742),"No ADA: No Funding Plans"
"Sutter Ave","L","No Access - No Plans for Funding","73",c(-73.9019160004208, 40.669145000614),"No ADA: No Funding Plans"
"Lorimer St","J-M","No Access - No Plans for Funding","76",c(-73.947354998842, 40.7038440000421),"No ADA: No Funding Plans"
"36th Ave","N-W","No Access - No Plans for Funding","78",c(-73.929861999118, 40.7564420005104),"No ADA: No Funding Plans"
"Broadway","N-W","No Access - No Plans for Funding","79",c(-73.9258229991991, 40.7614319988005),"No ADA: No Funding Plans"
"111th St","A-S","No Access - No Plans for Funding","83",c(-73.8321629984539, 40.6843310000124),"No ADA: No Funding Plans"
"86th St","1-2","No Access - No Plans for Funding","86",c(-73.9762179985933, 40.7886440007389),"No ADA: No Funding Plans"
"Canal St","1-2","No Access - No Plans for Funding","90",c(-74.0062770001748, 40.7228539977878),"No ADA: No Funding Plans"
"Middletown Rd","6-6 Express","No Access - No Plans for Funding","91",c(-73.8363219975594, 40.8438630012838),"No ADA: No Funding Plans"
"Hunters Point Ave","7-7 Express","No Access - No Plans for Funding","95",c(-73.9489160009391, 40.7422159998632),"No ADA: No Funding Plans"
"23rd St","1-2","No Access - No Plans for Funding","96",c(-73.9956570016487, 40.7440809998975),"No ADA: No Funding Plans"
"Houston St","1-2","No Access - No Plans for Funding","97",c(-74.0053670018058, 40.7282510007302),"No ADA: No Funding Plans"
"Broad Channel","A-S","No Access - No Plans for Funding","99",c(-73.8158326878296, 40.6084021806968),"No ADA: No Funding Plans"
"Vernon Blvd - Jackson Ave","7-7 Express","No Access - No Plans for Funding","101",c(-73.9535809987525, 40.7426259996975),"No ADA: No Funding Plans"
"Union Sq - 14th St","4-5-6-6 Express","No Access - No Plans for Funding","105",c(-73.9899509988188, 40.7346730009961),"No ADA: No Funding Plans"
"15th St - Prospect Park","F-G","No Access - No Plans for Funding","107",c(-73.9797358059287, 40.6600356881002),"No ADA: No Funding Plans"
"Ft Hamilton Pkwy","F-G","No Access - No Plans for Funding","109",c(-73.9757759991747, 40.6507816680342),"No ADA: No Funding Plans"
"Beverly Rd","Q","No Access - No Plans for Funding","111",c(-73.9643577962313, 40.6439045986042),"No ADA: No Funding Plans"
"Newkirk Ave","B-Q","No Access - No Plans for Funding","113",c(-73.9626948683726, 40.6351419373379),"No ADA: No Funding Plans"
"Parkside Ave","Q","No Access - No Plans for Funding","114",c(-73.9614534398765, 40.6550730416372),"No ADA: No Funding Plans"
"Grand Army Plaza","2-3-4","No Access - No Plans for Funding","115",c(-73.9709563319228, 40.6752946951032),"No ADA: No Funding Plans"
"Rockaway Ave","A-C","No Access - No Plans for Funding","117",c(-73.9119459972662, 40.6783399998835),"No ADA: No Funding Plans"
"Fulton St","G","No Access - No Plans for Funding","118",c(-73.9753749983315, 40.6871189995077),"No ADA: No Funding Plans"
"Clinton - Washington Aves","G","No Access - No Plans for Funding","119",c(-73.9667959986695, 40.6880940010605),"No ADA: No Funding Plans"
"7th Ave","B-Q","No Access - No Plans for Funding","120",c(-73.9728527919102, 40.6771021798329),"No ADA: No Funding Plans"
"Morris Park","5","No Access - No Plans for Funding","125",c(-73.8604950011725, 40.8543639996643),"No ADA: No Funding Plans"
"Pelham Pkwy","5","No Access - No Plans for Funding","126",c(-73.8553590004356, 40.8589849998201),"No ADA: No Funding Plans"
"Nostrand Ave","A-C","No Access - No Plans for Funding","127",c(-73.9504260009968, 40.6804380000623),"No ADA: No Funding Plans"
"Nevins St","2-3-4-5","No Access - No Plans for Funding","128",c(-73.9804067987458, 40.6883105801902),"No ADA: No Funding Plans"
"Beverly Rd","2-5","No Access - No Plans for Funding","130",c(-73.948847983817, 40.6451235189437),"No ADA: No Funding Plans"
"Newkirk Ave","2-5","No Access - No Plans for Funding","132",c(-73.9482999082241, 40.6399912427531),"No ADA: No Funding Plans"
"Sterling St","2-5","No Access - No Plans for Funding","134",c(-73.9507289112494, 40.6627729934283),"No ADA: No Funding Plans"
"Kingston Ave","3-4","No Access - No Plans for Funding","136",c(-73.9421597839296, 40.6694814486498),"No ADA: No Funding Plans"
"Nassau Ave","G","No Access - No Plans for Funding","137",c(-73.9511830001652, 40.7244799978083),"No ADA: No Funding Plans"
"Hewes St","J-M","No Access - No Plans for Funding","140",c(-73.9534880003846, 40.706889998054),"No ADA: No Funding Plans"
"138th St - Grand Concourse","4-5","No Access - No Plans for Funding","141",c(-73.9298489993561, 40.8132239995891),"No ADA: No Funding Plans"
"5th Ave - 53rd St","E-M","No Access - No Plans for Funding","142",c(-73.9752485052734, 40.7600868323133),"No ADA: No Funding Plans"
"28th St","N-Q-R-W","No Access - No Plans for Funding","144",c(-73.9886980012874, 40.7454539997995),"No ADA: No Funding Plans"
"Graham Ave","L","No Access - No Plans for Funding","150",c(-73.9439439986904, 40.7145759983636),"No ADA: No Funding Plans"
"21st St","G","No Access - No Plans for Funding","154",c(-73.9495999997552, 40.7441286664954),"No ADA: No Funding Plans"
"39th Ave","N-W","No Access - No Plans for Funding","155",c(-73.932851376796, 40.7527630614084),"No ADA: No Funding Plans"
"103rd St","1","No Access - No Plans for Funding","159",c(-73.9683789996082, 40.7994460003348),"No ADA: No Funding Plans"
"Central Park North (110th St)","2-3","No Access - No Plans for Funding","160",c(-73.9518220017691, 40.7990749997732),"No ADA: No Funding Plans"
"81st St","A-B-C","No Access - No Plans for Funding","163",c(-73.9720979493721, 40.7813460841821),"No ADA: No Funding Plans"
"75th Ave","E-F","No Access - No Plans for Funding","164",c(-73.8369236938716, 40.7180446534874),"No ADA: No Funding Plans"
"125th St","2-3","No Access - No Plans for Funding","168",c(-73.9454950001141, 40.8077539991828),"No ADA: No Funding Plans"
"116th St","2-3","No Access - No Plans for Funding","170",c(-73.949625000969, 40.802097999133),"No ADA: No Funding Plans"
"145th St","3","No Access - No Plans for Funding","173",c(-73.936244998733, 40.8204209996928),"No ADA: No Funding Plans"
"176th St","4","No Access - No Plans for Funding","174",c(-73.9117939988447, 40.8484800012369),"No ADA: No Funding Plans"
"Burnside Ave","4","No Access - No Plans for Funding","175",c(-73.9076840015997, 40.8534530015569),"No ADA: No Funding Plans"
"168th St","1","No Access - No Plans for Funding","177",c(-73.9401329990726, 40.8405559991485),"No ADA: No Funding Plans"
"191st St","1","No Access - No Plans for Funding","179",c(-73.9294119974204, 40.8552250017584),"No ADA: No Funding Plans"
"Beach 44th St","A","No Access - No Plans for Funding","181",c(-73.7760129999951, 40.5929429990862),"No ADA: No Funding Plans"
"Beach 60th St","A","No Access - No Plans for Funding","182",c(-73.7885219980118, 40.5923740012123),"No ADA: No Funding Plans"
"Beach 98th St","A-S","No Access - No Plans for Funding","183",c(-73.8205205895952, 40.5853856913328),"No ADA: No Funding Plans"
"Beach 36th St","A","No Access - No Plans for Funding","185",c(-73.7681749993969, 40.5953980016688),"No ADA: No Funding Plans"
"Beach 25th St","A","No Access - No Plans for Funding","186",c(-73.7613529976207, 40.6000660010588),"No ADA: No Funding Plans"
"Parsons Blvd","F","No Access - No Plans for Funding","187",c(-73.8032890002189, 40.7075719996157),"No ADA: No Funding Plans"
"169th St","F","No Access - No Plans for Funding","188",c(-73.7934741992772, 40.710517502784),"No ADA: No Funding Plans"
"103rd St - Corona Plaza","7","No Access - No Plans for Funding","189",c(-73.8626999983041, 40.7498650005555),"No ADA: No Funding Plans"
"111th St","7","No Access - No Plans for Funding","190",c(-73.8553339983488, 40.7517299994171),"No ADA: No Funding Plans"
"Grant Ave","A-S","No Access - No Plans for Funding","192",c(-73.865049998777, 40.6770440005448),"No ADA: No Funding Plans"
"79th St","1-2","No Access - No Plans for Funding","193",c(-73.9799170005613, 40.7839339995903),"No ADA: No Funding Plans"
"Atlantic Ave","L","No Access - No Plans for Funding","194",c(-73.9030969995401, 40.6753446664081),"No ADA: No Funding Plans"
"Christopher St - Sheridan Sq","1-2","No Access - No Plans for Funding","195",c(-74.0029059985524, 40.7334220010422),"No ADA: No Funding Plans"
"W 8th St - NY Aquarium","F-Q","No Access - No Plans for Funding","198",c(-73.9759578741382, 40.5760338181036),"No ADA: No Funding Plans"
"28th St","1-2","No Access - No Plans for Funding","199",c(-73.9933650013432, 40.7472149991822),"No ADA: No Funding Plans"
"18th St","1-2","No Access - No Plans for Funding","203",c(-73.9978710006041, 40.7410399998021),"No ADA: No Funding Plans"
"85th St - Forest Pky","J","No Access - No Plans for Funding","207",c(-73.8600870000687, 40.692426999661),"No ADA: No Funding Plans"
"111th St","J","No Access - No Plans for Funding","209",c(-73.836793384547, 40.6971148106965),"No ADA: No Funding Plans"
"121st St","J-Z","No Access - No Plans for Funding","210",c(-73.8283490001795, 40.7004819985153),"No ADA: No Funding Plans"
"Halsey St","L","No Access - No Plans for Funding","211",c(-73.9039340011863, 40.6955180011488),"No ADA: No Funding Plans"
"Van Siclen Ave","A-C","No Access - No Plans for Funding","214",c(-73.8903580002471, 40.672709999061),"No ADA: No Funding Plans"
"Cleveland St","J","No Access - No Plans for Funding","215",c(-73.8851940021643, 40.6797779989612),"No ADA: No Funding Plans"
"Rockaway Ave","3-4","No Access - No Plans for Funding","218",c(-73.9089583358445, 40.6626174881522),"No ADA: No Funding Plans"
"E 105th St","L","No Access - No Plans for Funding","220",c(-73.8995476938872, 40.650468785447),"No ADA: No Funding Plans"
"Saratoga Ave","3-4","No Access - No Plans for Funding","221",c(-73.9163302500795, 40.6615297898075),"No ADA: No Funding Plans"
"Sutter Ave - Rutland Road","3-4","No Access - No Plans for Funding","222",c(-73.92252118536, 40.6647667887749),"No ADA: No Funding Plans"
"New Lots Ave","L","No Access - No Plans for Funding","223",c(-73.8992779605714, 40.6589147736853),"No ADA: No Funding Plans"
"Alabama Ave","J","No Access - No Plans for Funding","225",c(-73.8985260015965, 40.6769980000038),"No ADA: No Funding Plans"
"Shepherd Ave","A-C","No Access - No Plans for Funding","226",c(-73.8807499974727, 40.6741300014559),"No ADA: No Funding Plans"
"Cypress Hills","J","No Access - No Plans for Funding","228",c(-73.87332199883, 40.6896160008388),"No ADA: No Funding Plans"
"75th St - Eldert Ln","J-Z","No Access - No Plans for Funding","229",c(-73.8672879994496, 40.6912900012467),"No ADA: No Funding Plans"
"69th St","7","No Access - No Plans for Funding","230",c(-73.8964029993185, 40.7463249994103),"No ADA: No Funding Plans"
"Seneca Ave","M","No Access - No Plans for Funding","234",c(-73.9075819988542, 40.702918998949),"No ADA: No Funding Plans"
"DeKalb Ave","L","No Access - No Plans for Funding","235",c(-73.9182320021972, 40.7036929996164),"No ADA: No Funding Plans"
"52nd St","7","No Access - No Plans for Funding","236",c(-73.9125489989125, 40.7441490010216),"No ADA: No Funding Plans"
"46th St","7","No Access - No Plans for Funding","239",c(-73.9184350010397, 40.7431320006038),"No ADA: No Funding Plans"
"82nd St - Jackson Hts","7","No Access - No Plans for Funding","240",c(-73.8836970007188, 40.7476589995591),"No ADA: No Funding Plans"
"90th St - Elmhurst Av","7","No Access - No Plans for Funding","241",c(-73.8766129998698, 40.7484080006091),"No ADA: No Funding Plans"
"Aqueduct - North Conduit Av","A","No Access - No Plans for Funding","243",c(-73.8340579994872, 40.6682340016998),"No ADA: No Funding Plans"
"Briarwood - Van Wyck Blvd","E-F","No Access - No Plans for Funding","244",c(-73.8206926363744, 40.7091618153695),"No ADA: No Funding Plans"
"Sutphin Blvd","F","No Access - No Plans for Funding","246",c(-73.8108329989723, 40.7054179990676),"No ADA: No Funding Plans"
"225th St","2-5","No Access - No Plans for Funding","248",c(-73.8602146177274, 40.8880282586379),"No ADA: No Funding Plans"
"Elder Ave","6","No Access - No Plans for Funding","249",c(-73.8791589987478, 40.8285840010893),"No ADA: No Funding Plans"
"Longwood Ave","6","No Access - No Plans for Funding","250",c(-73.8964349989741, 40.8161039999724),"No ADA: No Funding Plans"
"Astoria - Ditmars Blvd","N-W","No Access - No Plans for Funding","252",c(-73.9120340001031, 40.7750356665237),"No ADA: No Funding Plans"
"Jackson Ave","2-5","No Access - No Plans for Funding","253",c(-73.9077019387083, 40.816437466864),"No ADA: No Funding Plans"
"Prospect Ave","2-5","No Access - No Plans for Funding","254",c(-73.9017777873092, 40.8194872648384),"No ADA: No Funding Plans"
"174th St","2-5","No Access - No Plans for Funding","256",c(-73.8876935981289, 40.8371955501706),"No ADA: No Funding Plans"
"Allerton Ave","2-5","No Access - No Plans for Funding","257",c(-73.8672342285163, 40.8654833779393),"No ADA: No Funding Plans"
"Kingsbridge Rd","4","No Access - No Plans for Funding","259",c(-73.8971740010174, 40.8677600008858),"No ADA: No Funding Plans"
"Harlem - 148 St","3","No Access - No Plans for Funding","261",c(-73.9364700000556, 40.8238800008046),"No ADA: No Funding Plans"
"Mt Eden Ave","4","No Access - No Plans for Funding","262",c(-73.9146849986034, 40.8444340009268),"No ADA: No Funding Plans"
"Fordham Rd","B-D","No Access - No Plans for Funding","263",c(-73.897749001024, 40.8612959986835),"No ADA: No Funding Plans"
"Marble Hill - 225th St","1","No Access - No Plans for Funding","266",c(-73.9098309992355, 40.8745609994179),"No ADA: No Funding Plans"
"215th St","1","No Access - No Plans for Funding","268",c(-73.9152789995436, 40.8694439994605),"No ADA: No Funding Plans"
"207th St","1","No Access - No Plans for Funding","269",c(-73.9188190013231, 40.8646140005259),"No ADA: No Funding Plans"
"Van Cortlandt Park - 242nd St","1","No Access - No Plans for Funding","271",c(-73.8985830004965, 40.8892480001148),"No ADA: No Funding Plans"
"West Farms Sq - E Tremont Av","2-5","No Access - No Plans for Funding","272",c(-73.8799612787718, 40.840207632418),"No ADA: No Funding Plans"
"219th St","2-5","No Access - No Plans for Funding","273",c(-73.8625097078866, 40.8838879746253),"No ADA: No Funding Plans"
"Norwood - 205th St","D","No Access - No Plans for Funding","275",c(-73.8788549991869, 40.8748110001118),"No ADA: No Funding Plans"
"Burke Ave","2-5","No Access - No Plans for Funding","276",c(-73.867053617476, 40.8712588025477),"No ADA: No Funding Plans"
"Baychester Ave","5","No Access - No Plans for Funding","277",c(-73.8385909980215, 40.8786630003731),"No ADA: No Funding Plans"
"Eastchester - Dyre Ave","5","No Access - No Plans for Funding","278",c(-73.8308340021742, 40.8882999990101),"No ADA: No Funding Plans"
"Wakefield - 241st St","2","No Access - No Plans for Funding","280",c(-73.8506199987954, 40.9031250005412),"No ADA: No Funding Plans"
"Botanic Garden","S","No Access - No Plans for Funding","281",c(-73.9592449994569, 40.6703426665844),"No ADA: No Funding Plans"
"Bushwick - Aberdeen","L","No Access - No Plans for Funding","282",c(-73.905261763051, 40.6828606255118),"No ADA: No Funding Plans"
"167th St","4","No Access - No Plans for Funding","291",c(-73.9213999978443, 40.8355369993367),"No ADA: No Funding Plans"
"33rd St","7","No Access - No Plans for Funding","293",c(-73.9309969995384, 40.7445869998399),"No ADA: No Funding Plans"
"40th St","7","No Access - No Plans for Funding","294",c(-73.9240159984882, 40.7437810014913),"No ADA: No Funding Plans"
"145th St","A-B-C-D","No Access - No Plans for Funding","295",c(-73.9440879282311, 40.8247663608719),"No ADA: No Funding Plans"
"155th St","B-D","No Access - No Plans for Funding","296",c(-73.9382089981162, 40.8301349999812),"No ADA: No Funding Plans"
"Central Ave","M","No Access - No Plans for Funding","302",c(-73.9272429990284, 40.6978730001183),"No ADA: No Funding Plans"
"Knickerbocker Ave","M","No Access - No Plans for Funding","303",c(-73.9197200018862, 40.6986600012381),"No ADA: No Funding Plans"
"30th Ave","N-W","No Access - No Plans for Funding","304",c(-73.9214790001739, 40.766778666733),"No ADA: No Funding Plans"
"Bay Ridge Ave","R","No Access - No Plans for Funding","310",c(-74.0233769995073, 40.6349666668238),"No ADA: No Funding Plans"
"50th St","D","No Access - No Plans for Funding","311",c(-73.9946587805514, 40.6362608909614),"No ADA: No Funding Plans"
"Ft Hamilton Pkwy","N","No Access - No Plans for Funding","312",c(-74.0053510004628, 40.6313856672244),"No ADA: No Funding Plans"
"25th Ave","D","No Access - No Plans for Funding","313",c(-73.9868290001148, 40.5977036669586),"No ADA: No Funding Plans"
"18th Ave","N","No Access - No Plans for Funding","316",c(-73.9904539986599, 40.62068699768),"No ADA: No Funding Plans"
"79th St","D","No Access - No Plans for Funding","319",c(-74.0005828743151, 40.6131589256952),"No ADA: No Funding Plans"
"71st St","D","No Access - No Plans for Funding","320",c(-73.9988409485069, 40.6192587097727),"No ADA: No Funding Plans"
"20th Ave","D","No Access - No Plans for Funding","321",c(-73.9981743215757, 40.6046769981693),"No ADA: No Funding Plans"
"18th Ave","D","No Access - No Plans for Funding","322",c(-74.001592592394, 40.6077357317174),"No ADA: No Funding Plans"
"Ave U","Q","No Access - No Plans for Funding","329",c(-73.955811223163, 40.5993089509548),"No ADA: No Funding Plans"
"Kings Hwy","N","No Access - No Plans for Funding","332",c(-73.9803730022934, 40.6040589998049),"No ADA: No Funding Plans"
"Bay 50th St","D","No Access - No Plans for Funding","335",c(-73.9837650004595, 40.5888406665193),"No ADA: No Funding Plans"
"Ave P","F","No Access - No Plans for Funding","337",c(-73.9730028152875, 40.6088428089499),"No ADA: No Funding Plans"
"Ave M","Q","No Access - No Plans for Funding","340",c(-73.9592431052215, 40.6173977444437),"No ADA: No Funding Plans"
"Ave J","Q","No Access - No Plans for Funding","343",c(-73.9606931624693, 40.6250228199152),"No ADA: No Funding Plans"
"7th Ave","B-D-E","No Access - No Plans for Funding","348",c(-73.9816978234448, 40.7629701524563),"No ADA: No Funding Plans"
"57th St","F","No Access - No Plans for Funding","350",c(-73.9773680008517, 40.7640850008171),"No ADA: No Funding Plans"
"5th Ave - 59th St","N-R-W","No Access - No Plans for Funding","356",c(-73.9733470004705, 40.7648109997553),"No ADA: No Funding Plans"
"Lexington Ave - 59th St","N-R-W","No Access - No Plans for Funding","357",c(-73.9673750171144, 40.7627088553946),"No ADA: No Funding Plans"
"Chambers St","A-C","No Access - No Plans for Funding","361",c(-74.0085847357013, 40.714111000774),"No ADA: No Funding Plans"
"Myrtle-Willoughby Aves","G","No Access - No Plans for Funding","363",c(-73.9490669989016, 40.6946189990377),"No ADA: No Funding Plans"
"Flushing Ave","G","No Access - No Plans for Funding","364",c(-73.9502340010257, 40.7003766662215),"No ADA: No Funding Plans"
"23rd St","F-M","No Access - No Plans for Funding","365",c(-73.9927650047139, 40.742954317826),"No ADA: No Funding Plans"
"Hoyt - Schermerhorn Sts","A-C-G","No Access - No Plans for Funding","367",c(-73.9850362403414, 40.6884084758064),"No ADA: No Funding Plans"
"East Broadway","F","No Access - No Plans for Funding","369",c(-73.990177001222, 40.7138550010204),"No ADA: No Funding Plans"
"Lower East Side - 2nd Ave","F","No Access - No Plans for Funding","371",c(-73.9899380000343, 40.7234016657491),"No ADA: No Funding Plans"
"Bergen St","F-G","No Access - No Plans for Funding","376",c(-73.9907564957357, 40.6861105472598),"No ADA: No Funding Plans"
"Court St","N-R","No Access - No Plans for Funding","378",c(-73.9918183090113, 40.694196480777),"No ADA: No Funding Plans"
"23rd St","N-Q-R-W","No Access - No Plans for Funding","380",c(-73.9893440010291, 40.74130266729),"No ADA: No Funding Plans"
"Prospect Ave","D-N-R","No Access - No Plans for Funding","381",c(-73.9928720006742, 40.6654136671298),"No ADA: No Funding Plans"
"3rd Ave","L","No Access - No Plans for Funding","383",c(-73.9857500011209, 40.7326909997166),"No ADA: No Funding Plans"
"Liberty Ave","A-C","No Access - No Plans for Funding","385",c(-73.8965480010393, 40.6745419998709),"No ADA: No Funding Plans"
"45th St","N-R","No Access - No Plans for Funding","388",c(-74.0100060007494, 40.6489386666128),"No ADA: No Funding Plans"
"9th Ave","D","No Access - No Plans for Funding","390",c(-73.994448744512, 40.6464840772664),"No ADA: No Funding Plans"
"53rd St","N-R","No Access - No Plans for Funding","391",c(-74.0140339998632, 40.6450686673598),"No ADA: No Funding Plans"
"Ft Hamilton Pkwy","D","No Access - No Plans for Funding","392",c(-73.9942022375285, 40.6409127114447),"No ADA: No Funding Plans"
"25th St","D-N-R","No Access - No Plans for Funding","393",c(-73.998090999743, 40.6603966669232),"No ADA: No Funding Plans"
"Carroll St","F-G","No Access - No Plans for Funding","394",c(-73.9949469799884, 40.6802733517018),"No ADA: No Funding Plans"
"Spring St","A-C-E","No Access - No Plans for Funding","395",c(-74.0037389984376, 40.7262270012931),"No ADA: No Funding Plans"
"181st St","A","No Access - No Plans for Funding","396",c(-73.9379690020501, 40.8516949997446),"No ADA: No Funding Plans"
"190th St","A","No Access - No Plans for Funding","397",c(-73.9341799996433, 40.8590219989248),"No ADA: No Funding Plans"
"116th St","A-B-C","No Access - No Plans for Funding","398",c(-73.9547977805731, 40.8050581334421),"No ADA: No Funding Plans"
"Prince St","N-Q-R-W","No Access - No Plans for Funding","400",c(-73.9977020004599, 40.7243286659757),"No ADA: No Funding Plans"
"8th St - NYU","N-Q-R-W","No Access - No Plans for Funding","401",c(-73.9925079984915, 40.7304649985399),"No ADA: No Funding Plans"
"Park Pl","2-3","No Access - No Plans for Funding","403",c(-74.0088109999736, 40.7130509990777),"No ADA: No Funding Plans"
"Hoyt St","2-3","No Access - No Plans for Funding","405",c(-73.9850637957565, 40.6905441853547),"No ADA: No Funding Plans"
"183rd St","4","No Access - No Plans for Funding","407",c(-73.9038790015153, 40.8584070004084),"No ADA: No Funding Plans"
"Canal St - Holland Tunnel","A-C-E","No Access - No Plans for Funding","410",c(-74.0052290023424, 40.7208240000712),"No ADA: No Funding Plans"
"155th St","A-C","No Access - No Plans for Funding","411",c(-73.9415140008221, 40.8305179992925),"No ADA: No Funding Plans"
"163rd St - Amsterdam Av","A-C","No Access - No Plans for Funding","412",c(-73.9398920018834, 40.836012999231),"No ADA: No Funding Plans"
"Canal St","J-Z","No Access - No Plans for Funding","415",c(-73.9998263854594, 40.7181738769739),"No ADA: No Funding Plans"
"City Hall","R-W","No Access - No Plans for Funding","416",c(-74.0069858178034, 40.713272331117),"No ADA: No Funding Plans"
"Canal St","R-W","No Access - No Plans for Funding","417",c(-74.0018260000577, 40.719465001059),"No ADA: No Funding Plans"
"Wall St","4-5","No Access - No Plans for Funding","420",c(-74.0118619986011, 40.707557000866),"No ADA: No Funding Plans"
"Whitehall St","R-W","No Access - No Plans for Funding","421",c(-74.0130072374272, 40.7031423735991),"No ADA: No Funding Plans"
"Rector St","R-W","No Access - No Plans for Funding","422",c(-74.0129745625379, 40.7077447562945),"No ADA: No Funding Plans"
"Fresh Pond Rd","M","No Access - No Plans for Funding","423",c(-73.8958980017196, 40.7062259982305),"No ADA: No Funding Plans"
"Rector St","1","No Access - No Plans for Funding","425",c(-74.0137830011974, 40.7075129995218),"No ADA: No Funding Plans"
"Wall St","2-3","No Access - No Plans for Funding","430",c(-74.0090999984426, 40.7068209997534),"No ADA: No Funding Plans"
"Dyckman St","A","No Access - No Plans for Funding","431",c(-73.9272709996072, 40.8654909989689),"No ADA: No Funding Plans"
"Grand St","B-D","No Access - No Plans for Funding","432",c(-73.9937529991359, 40.7182669995499),"No ADA: No Funding Plans"
"Bowery","J-Z","No Access - No Plans for Funding","434",c(-73.9938069065424, 40.7202468831473),"No ADA: No Funding Plans"
"Canal St","N-Q","No Access - No Plans for Funding","435",c(-74.0010547130603, 40.7188142635871),"No ADA: No Funding Plans"
"23rd St","A-C-E","No Access - No Plans for Funding","436",c(-73.998041001172, 40.7459059994),"No ADA: No Funding Plans"
"135th St","A-B-C","No Access - No Plans for Funding","440",c(-73.9475348087921, 40.8179055592127),"No ADA: No Funding Plans"
"Nostrand Ave","3-4","No Access - No Plans for Funding","445",c(-73.9504262489579, 40.6699381509305),"No ADA: No Funding Plans"
"Clark St","2-3","No Access - No Plans for Funding","446",c(-73.9930859982196, 40.6974659999647),"No ADA: No Funding Plans"
"Clinton - Washington Aves","A-C","No Access - No Plans for Funding","448",c(-73.9658379985728, 40.6832629991264),"No ADA: No Funding Plans"
"Forest Ave","M","No Access - No Plans for Funding","449",c(-73.9030750000595, 40.7044120008781),"No ADA: No Funding Plans"
"York St","F","No Access - No Plans for Funding","452",c(-73.9868849999367, 40.6997426676916),"No ADA: No Funding Plans"
"High St","A-C","No Access - No Plans for Funding","453",c(-73.9905310006546, 40.6993369997788),"No ADA: No Funding Plans"
"Lafayette Ave","A-C","No Access - No Plans for Funding","454",c(-73.9739459984941, 40.6861130002057),"No ADA: No Funding Plans"
"President St","2-5","No Access - No Plans for Funding","455",c(-73.9505892002221, 40.6678836035368),"No ADA: No Funding Plans"
"Cortelyou Rd","Q","No Access - No Plans for Funding","461",c(-73.9637900550549, 40.6409401651401),"No ADA: No Funding Plans"
"116th St","4-6-6 Express","No Access - No Plans for Funding","462",c(-73.9416169983714, 40.7986290002001),"No ADA: No Funding Plans"
"Franklin St","1-2","No Access - No Plans for Funding","464",c(-74.0068860027711, 40.7193180013021),"No ADA: No Funding Plans"
"5th Ave - Bryant Pk","7-7 Express","No Access - No Plans for Funding","466",c(-73.9819629985671, 40.7538210006482),"No ADA: No Funding Plans"
"Spring St","4-6-6 Express","No Access - No Plans for Funding","467",c(-73.9971410000667, 40.7223009999937),"No ADA: No Funding Plans"
"Tottenville","SIR","Full ADA Access","S09",c(-74.251961, 40.5127639999996),"Full ADA Access"
"Great Kills","SIR","Full ADA Access","S19",c(-74.151399, 40.5512309999997),"Full ADA Access"
"Dongan Hills","SIR","Full ADA Access","S25",c(-74.09609, 40.5888489999996),"Full ADA Access"
"St George","SIR","Full ADA Access","S31",c(-74.073643, 40.6437479999996),"Full ADA Access"
"Arthur Kill","SIR","Full ADA Access",NA,c(-74.24192597155, 40.5166427187032),"Full ADA Access"
"Richmond Valley","SIR","No Access - No Plans for Funding","S13",c(-74.229141, 40.5196309999996),"No ADA: No Funding Plans"
"Eltingville","SIR","No Access - No Plans for Funding","S18",c(-74.16457, 40.5446009999996),"No ADA: No Funding Plans"
"Pleasant Plains","SIR","No Access - Under Consideration","S14",c(-74.217847, 40.5224099999996),"No ADA: Under Consideration"
"Prince's Bay","SIR","No Access - Under Consideration","S15",c(-74.200064, 40.5255069999997),"No ADA: Under Consideration"
"Huguenot","SIR","No Access - Under Consideration","S16",c(-74.191794, 40.5336739999996),"No ADA: Under Consideration"
"Annadale","SIR","No Access - Under Consideration","S17",c(-74.178217, 40.5404599999997),"No ADA: Under Consideration"
"Bay Terrace","SIR","No Access - Under Consideration","S20",c(-74.136907, 40.5563999999997),"No ADA: Under Consideration"
"Oakwood Heights","SIR","No Access - Under Consideration","S21",c(-74.12632, 40.5651099999996),"No ADA: Under Consideration"
"New Dorp","SIR","No Access - Under Consideration","S22",c(-74.11721, 40.5734799999997),"No ADA: Under Consideration"
"Grant City","SIR","No Access - Under Consideration","S23",c(-74.109704, 40.5789649999996),"No ADA: Under Consideration"
"Jefferson Av","SIR","No Access - Under Consideration","S24",c(-74.103338, 40.5835909999997),"No ADA: Under Consideration"
"Old Town","SIR","No Access - Under Consideration","S26",c(-74.087368, 40.5966119999997),"No ADA: Under Consideration"
"Grasmere","SIR","No Access - Under Consideration","S27",c(-74.084087, 40.6031169999997),"No ADA: Under Consideration"
"Clifton","SIR","No Access - Under Consideration","S28",c(-74.071402, 40.6213189999997),"No ADA: Under Consideration"
"Stapleton","SIR","No Access - Under Consideration","S29",c(-74.075162, 40.6279149999997),"No ADA: Under Consideration"
"Tompkinsville","SIR","No Access - Under Consideration","S30",c(-74.074835, 40.6369489999997),"No ADA: Under Consideration"
